query,retrieved_response,hybrid_score,confidence,human_label,human_notes
@AmazonHelp That's why I am saying I have worst experience with #amazon,@134813 I'm sorry about the unpleasant experience. Could you please let us know what went wrong so we can help you? ^GD,0.7669931008725678,High,1,AI-assisted label: retrieved response judged relevant/correct.
@AmazonHelp Amazon did'nt deliver product (4-2197264-7157136) in 50 days. After waiting 4 so long I didn't get product delivered but refund,@440824 I've flagged your experience as feedback to the relevant team to ensure such instances aren't repeated in the future. 2/2 ^EM,0.7297214260469437,High,1,AI-assisted label: retrieved response judged relevant/correct.
@AmazonHelp Yes,@316508 Give us a call whenever you have time. We can be reached 24/7 here: https://t.co/hApLpMlfHN ^EP,0.981515395641327,High,1,AI-assisted label: retrieved response judged relevant/correct.
"dear @115850 
Why there is so much price difference within a day?😮 https://t.co/kHacb6keak",@352911 I see that these are 2 different products. Kindly be specific. We'll be happy to address your concern. ^SG,0.7037763570153717,High,1,AI-assisted label: retrieved response judged relevant/correct.
@120533 best client service ever 😍,@393149 We're glad to hear this! Reach out anytime if you have any other questions or concerns. ^TH,0.7145255724118513,High,1,AI-assisted label: retrieved response judged relevant/correct.
@AmazonHelp Which mail now?,"@144768 An email has been sent to your registered e-mail ID by our Social Media team. Kindly reply to that, for further assistance. ^PJ",0.8440234991025788,High,1,AI-assisted label: retrieved response judged relevant/correct.
@AmazonHelp I replied but nobody contacted me thereafter,@329208 That's rather strange. Haven't you received any correspondence to the details you filled using the link? ^JC,0.763234575370041,High,1,AI-assisted label: retrieved response judged relevant/correct.
@AmazonHelp Muchas gracias por vuestra rápida respuesta!,@466122 ¡Con todo gusto! Cualquier otra consulta estamos a tu servicio. ¡Saludos!  ^PC,0.8619471366310214,High,1,AI-assisted label: retrieved response judged relevant/correct.
"こんな段ボールで送ってくる
アマゾンて何なんだ❗
宅配も呆れていた

#アマゾン https://t.co/Bg2qjWgp7S",@264345 Amazonからそのような内容のメールやメッセージはお送りしておりません。当サイトからのEメールかどうかの識別方法については、リンクのヘルプページをご参照ください。https://t.co/xWXio7jdEp TN,0.9454268097877503,High,1,AI-assisted label: retrieved response judged relevant/correct.
@AmazonHelp ありがとうございます！Zeroが見れるようになってから待ってたので嬉しいです☺️,"@342707 とんでもございません、お力になれて嬉しいです。
これからもご不明な点、お気づきの点などございましたらご遠慮なくお知らせください☺　MH",0.8361166596412659,High,1,AI-assisted label: retrieved response judged relevant/correct.
@AmazonHelp Monday,@232632 Who's the carrier listed under tracking information for your order here: https://t.co/aaDyEz1VgE? ^WT,0.8061529558283091,High,1,AI-assisted label: retrieved response judged relevant/correct.
@115821 @AmazonHelp lost my package 😡😡😡😒😒😒😤😤😤,@337947 So sorry about this! Could you tell us the carrier for delivery show in your order tracking?: https://t.co/Y5jpI9gRhE ^VB,0.8510152607164361,High,1,AI-assisted label: retrieved response judged relevant/correct.
@AmazonHelp I didn't get any response from your team,@162537 We've emailed you  regarding the issue. Kindly check it here:https://t.co/NTkrxpsbHJ. ^AP,0.8010554836015533,High,1,AI-assisted label: retrieved response judged relevant/correct.
@AmazonHelp Already sent,@123350 Thank you for the confirmation. We'll get back to you at the earliest. ^SU,0.9321219205856324,High,1,AI-assisted label: retrieved response judged relevant/correct.
"#アマゾンジャパン相談係 と名乗るメッセージが届きました。
すぐに電話番号を調べたらやはり詐欺番号でした。
皆さんもお気をつけを！！
#Amazon #詐欺
#アマゾンジャパン https://t.co/tgCR2xjwze",@685636 アマゾンです。ご認識の通りこちらは当サイトからお送りしたものではございません。個人情報を取得しようとする詐欺が発生しているようですので、どうぞご注意くださいませ。ET,0.7680282684633988,High,1,AI-assisted label: retrieved response judged relevant/correct.
Just received the worst customer service ever from @115821. Shocked and stunned. #badcustomerservice,"@733924 I'm sorry we've let you down, Eli. Without giving account specifics, can you tell us more? We'd like to help. ^HS",0.8019108967791966,High,1,AI-assisted label: retrieved response judged relevant/correct.
@AmazonHelp This one https://t.co/IRiUntXoJ4,@210003 Thanks for flagging this. We'll have it reviewed internally. ^NR,0.8889487862586976,High,1,AI-assisted label: retrieved response judged relevant/correct.
"Bonjour @120533 j'ai un problème pour passer commande, pourriez-vous m'aider svp ?","@233037 Bonsoir,
Je serai ravie de vous aider. Que puis-je faire pour vous ? 😇
^MD",0.700751783785376,High,1,AI-assisted label: retrieved response judged relevant/correct.
@AmazonHelp Okay,@426424 All the best ! ^KS,0.934782612323761,High,1,AI-assisted label: retrieved response judged relevant/correct.
@AmazonHelp Great that’s fantastic. Thank you so much!,"@754683 You're very welcome, Joséphine! Please keep us posted! ^SD",0.7296165802719865,High,1,AI-assisted label: retrieved response judged relevant/correct.
@AmazonHelp Done Already! No results,"@185185 If you've shared your details, we will look into it and get back to you with an update shortly. ^SQ",0.7453261891104158,High,1,AI-assisted label: retrieved response judged relevant/correct.
@AmazonHelp Qué broma es esta? Le dejan mi pedido a una vecina y sin avisarme? https://t.co/YLA6Mv1MDC,"@236016 Hola, Erik. Lamentamos mucho este inconveniente. ¿Pudiste hallar el pedido? ^ES",0.7904103081352518,High,1,AI-assisted label: retrieved response judged relevant/correct.
"@AmazonHelp Ya lo solucioné, ¡muchas gracias!",@421449 Nos alegra saberlo. Esperamos que disfrutes mucho de tu pedido 😊 ^LG,0.8054579431616758,High,1,AI-assisted label: retrieved response judged relevant/correct.
@AmazonHelp Is there a way to cancel my Amazon prime trial if my account has been locked?,@364772 Hey. You can cancel Amazon Prime via your account. Which Amazon website do you use - Amazon .com /.co.uk etc? ^TP,0.707780332321596,High,1,AI-assisted label: retrieved response judged relevant/correct.
@AmazonHelp Yesterday,@222570 Please give us another chance to investigate this order and reach out to us by phone or chat using the link provided: https://t.co/JzP7hlA23B   ^FJ,0.930178987979889,High,1,AI-assisted label: retrieved response judged relevant/correct.
@AmazonHelp This is the 4th package this week that has been delayed. Why am I paying for Prime again?,@556249 I'm so sorry for the inconvenience! That's not the experience we want our customers to have. Is your order showing updated delivery information here? https://t.co/Y5jpI9ys9c ^LA,0.7287026981822466,High,1,AI-assisted label: retrieved response judged relevant/correct.
@AmazonHelp Co.uk,@714030 Check Your Order here: https://t.co/ijxJ9jCwr9. Does it tell you what the estimated delivery date is? Do you see anything that might need to be updated? ^AF,0.9771496534347535,High,1,AI-assisted label: retrieved response judged relevant/correct.
@115821 @AmazonHelp @132995 @37259 @144151 What is the update?????,"@131026 Hi, We've sent the correspondence to your registered email ID. Kindly check it here: https://t.co/8DAc10S7ww ^SP",0.8503016096893877,High,1,AI-assisted label: retrieved response judged relevant/correct.
@AmazonHelp USPS,@685179 Have you had a chance to contact the carrier? ^CN,0.9829397678375245,High,1,AI-assisted label: retrieved response judged relevant/correct.
@AmazonHelp @115821 haven't received any correspondence,"@219977 Please check for an email correspondence from us here: https://t.co/DTSNmGCOAN and revert, we'll be glad to take it forward from there. ^SI",0.8497191693805621,High,1,AI-assisted label: retrieved response judged relevant/correct.
@AmazonHelp @AmazonHelp  21:03 and still nothing....,@248050 Oh no! I'm sorry you haven't received your delivery. Have you received any e-mails regarding a delay or containing a new delivery date? ^ML,0.7133316553688889,High,1,AI-assisted label: retrieved response judged relevant/correct.
@AmazonHelp my order id 521656990106 still not coming pl check,"@319049 Please don't provide your tracking details, as we consider it to be personal info. Our page is visible to the public. 2/2 ^PS",0.8295130554277529,High,1,AI-assisted label: retrieved response judged relevant/correct.
@115850 ORDER # 408-1888003-1609910 was supposed to be delivered on Monday and I still have not received my order.,"@542737 I'm sorry for the trouble with your order. We'd still like to assist. Just to confirm, who is the carrier shown: https://t.co/PCtircFm5C? ^SJ",0.780147508210193,High,1,AI-assisted label: retrieved response judged relevant/correct.
@AmazonHelp where is my product are you looting customers for order no 406-3971997-7415546,"@198997 Please don't provide your order details, we consider it personal information. Our Twitter page is visible to public 2/2 ^AS",0.9528673393377133,High,1,AI-assisted label: retrieved response judged relevant/correct.
@AmazonHelp Thnx recd,"@563037 You're welcome, Sreeya. Do let us know if you need any further assistance. ^SY",0.7163611228523197,High,1,AI-assisted label: retrieved response judged relevant/correct.
@AmazonHelp It's supposed to arrive today by 8pm and it's already 7:40pm,@164623 I understand your frustration. Have we sent any notification of a possible delay? Who is the carrier assigned to your package? We'd be happy to assist in any way possible. ^SK,0.7314454506745052,High,1,AI-assisted label: retrieved response judged relevant/correct.
@115850 @120602 reply @120602 @116327,@707240 Winners will be contacted directly and the results will also be posted on our Twitter page. We wish you all the best. ^MP,0.8185420513153077,High,1,AI-assisted label: retrieved response judged relevant/correct.
"@AmazonHelp I have sent you DM also , please reply to my message","@155862 Kirsten, I am terribly sorry for the delay in getting back to you! We would love to help you with this issue, please call or chat with us here at your earliest convenience:  https://t.co/JzP7hlA23B ^VF",0.7477283040941772,High,1,AI-assisted label: retrieved response judged relevant/correct.
@AmazonHelp ご丁寧にありがとうございます！配送はデリバリープロバイダという業者です。不在配達置き場は設定しておりませんでしたのだ「配達完了」のステータスになる事に正直不安になりました。出社するまで届いているものだと思っておりました。ちなみに商品は業者に電話して先ほど届けていただきました。,@452177 リプライありがとうございます。お忙しいところ恐縮ですが、どうぞよろしくお願いいたします。SK,0.7922325611114502,High,1,AI-assisted label: retrieved response judged relevant/correct.
@AmazonHelp No I haven't heard anything since,"@148138 I deeply apologise for these delays, Craig. If your order has not turned up by the 5th we will take full responsibility for this failed delivery. ^SM",0.7973623596392234,High,1,AI-assisted label: retrieved response judged relevant/correct.
"@115850 @132994 @132995 Hi Amazon, where the winners will be announced? #AppOnePlusLevel #OnePlus5T 😂😂 See i didn't forget it....",@173682 You can check here: https://t.co/2rJOllpxMe ^RW,0.7026041305849737,High,1,AI-assisted label: retrieved response judged relevant/correct.
@123813 Para cuando la tercera temporada de Mozart in the jungle?,@473915 Ahorita no tenemos informaciones.Te recomiendo en que te mantengas atento a nuestra página y redes sociales para novedades. ^JJ,0.9206849211401531,High,1,AI-assisted label: retrieved response judged relevant/correct.
@AmazonHelp Of course I did?,@158236 I've checked and see that we haven't received your email yet. Please respond to the email correspondence you've received. ^AS,0.7187485551309858,High,1,AI-assisted label: retrieved response judged relevant/correct.
@AmazonHelp Sent you a message,"@767507 We have responded to your direct message, Neil! ^AD",0.9711840629577637,High,1,AI-assisted label: retrieved response judged relevant/correct.
@AmazonHelp puis-je commander cet article depuis la France ? https://t.co/4XmgLfHbhm,"@139228 Je vois, veuillez remplir le formulaire sur le lien suivant afin que je puisse vérifier votre dossier de plus près je vous prie: https://t.co/HtUowg2UGX ^BR",0.7384505101820098,High,1,AI-assisted label: retrieved response judged relevant/correct.
"@AmazonHelp 有難うございました。
問い合わせしてみます。",@145232 お手数をおかけしますが、どうぞよろしくお願いいたします。 EK,0.8886146328484505,High,1,AI-assisted label: retrieved response judged relevant/correct.
"@AmazonHelp ご丁寧にありがとうございます！
確かにそのサイトに行くだけでも危ないですよね....
メール削除します！！！",@403646 恐れ入ります。今しばらくお待ちくださいますようお願いいたします m(_ _)m HM,0.7398557841777802,High,1,AI-assisted label: retrieved response judged relevant/correct.
@AmazonHelp This order says delivered but I never received it #403-2589731-9684305 Please help,"@195141 Please don't provide your details, we consider it personal information. Our Twitter page is visible to public. 2/2 ^HD",0.7371421073285636,High,1,AI-assisted label: retrieved response judged relevant/correct.
@3843 @116316 @AmazonHelp Bitte helft mir..,@695825 Hast du schon bei unserem Kundenservice oder beim Transportdienst nachgefragt? Lieben Gruß ^NW,0.7136322921584823,High,1,AI-assisted label: retrieved response judged relevant/correct.
@AmazonHelp The email I received yesterday was that I’d alerted Amazon to unauthorized activity. I didn’t. There was no unauthorized activity.,@383562 リプライ失礼します、アマゾンです。こちらは当サイトからのご案内ではございません。記載のリンクにアクセスしたりファイルは開かないでください。当サイトや企業を装った詐欺が発生しているようですので、ご注意ください。https://t.co/Fh5ERQi0vw ET,0.5672800540924072,Medium,1,AI-assisted label: retrieved response judged relevant/correct.
@AmazonHelp I have sent you all the details i didn't get any other new mails form you @AmazonHelp @115850,@441233 We've sent the correspondence to your registered email ID. Kindly check it here: https://t.co/8DAc10S7ww ^AP,0.5733731630055455,Medium,1,AI-assisted label: retrieved response judged relevant/correct.
Amazonプライムって今ガルパン見れんの？,@782197 配信しております( *• ̀ω•́ )b SK,0.6463603377342224,Medium,1,AI-assisted label: retrieved response judged relevant/correct.
@115821 What Carrier is this..? I definitely didn't receive said delivered package... https://t.co/4EJeeqUmaq,@750668 I'm sorry about this. We want to be sure you are receiving your parcels when they are expected. Please reach out to us directly here so that we can take a look into this for you: https://t.co/hApLpMlfHN We'd like to help! ^ZW,0.5805788982748491,Medium,1,AI-assisted label: retrieved response judged relevant/correct.
@115850 .i want invoice for this order in my mail __email__ https://t.co/gHxEENmWAO,@205807 Please contact us here: https://t.co/vlvfJr4nN9 so we could assist you with your concern on priority.(1/2)^RS,0.6154546759262394,Medium,1,AI-assisted label: retrieved response judged relevant/correct.
"@115850 and let me tell you Amazon transportation sucks big time, u guys better close it and start using other courier services.",@348859 Thanks for letting us know. Kindly reach out to our support team here: https://t.co/HQhpS2qeEd. We'll look into it. ^PS,0.5694250548362774,Medium,1,AI-assisted label: retrieved response judged relevant/correct.
@117804 que saudades do meu Kindle :(,"@787941 Ana, maior amor da vida o Kindle! ❤ ^DA",0.6731126224164126,Medium,1,AI-assisted label: retrieved response judged relevant/correct.
@AmazonHelp Bonjour il s'agit d'un vendeur tiers je l'ai contacté plusieurs fois aucune reponse ! La somme a ete prelevee depuis longtemps !,@353117 Avez-vous contacté le vendeur ? ^SN,0.6733422776547837,Medium,1,AI-assisted label: retrieved response judged relevant/correct.
"@AmazonHelp I had a 'chat session' last night, but am not further forward","@415050 Perfect, thanks Peter. ^NV",0.6578825275379974,Medium,1,AI-assisted label: retrieved response judged relevant/correct.
"@AmazonHelp Yes, but I also received a new (incorrect) delivery date on Monday. I spent a few hours on the phone with UPS today, maybe tomorrow will be different.

I'm not concerned with the delay itself, I am with the inaccuracy. Don't call it an guarantee if it's gonna take 2x as long.",@703544 We appreciate your patience! Are you able to view the new proposed delivery date or additional information here: https://t.co/Y5jpI9gRhE? ^SH,0.6250275703824109,Medium,1,AI-assisted label: retrieved response judged relevant/correct.
"Hey @115850, I didn't get any calls yesterday &amp; the package wasn't delivered. What should I do now?","@204539 I'm sorry to hear this, Derek! Have we missed the delivery date given to you in your order confirmation email? ^HC",0.5916906803847889,Medium,1,AI-assisted label: retrieved response judged relevant/correct.
@AmazonHelp Amazon Amazon. Que es lo que mas nos molesta.,"@283679 Entiendo, la información disponible de estos productos  la encuentras en nuestro Sitio Web. ^VL",0.6346208025658884,Medium,1,AI-assisted label: retrieved response judged relevant/correct.
@AmazonHelp I still have not received my codes. Pre ordered back in April.,@168356 I'm sorry you haven't received the code! Please contact us directly for assistance: https://t.co/hApLpMlfHN ^SB,0.6093952237588842,Medium,1,AI-assisted label: retrieved response judged relevant/correct.
"@AmazonHelp @115821 
When ll I get my pkt? I am very sad in this rare courier service.
Courier

Delhivery
Tracking
5180766190762","@171909 As this is being the social platform. Please don't provide order details, as we consider it personal information. We won't be able to view your account.^HR",0.5908999859202907,Medium,1,AI-assisted label: retrieved response judged relevant/correct.
@115830 I've just had a man knock on demanding my parcel back saying my order has been cancelled. My orders says delivered is this a scam?,@271230 I'm sorry you can't locate your parcel! Please reach out to us here: https://t.co/JzP7hlA23B and we can assist you with this. ^TK,0.5698365338830367,Medium,1,AI-assisted label: retrieved response judged relevant/correct.
"@115850 @AmazonHelp @115851 
I m not able to connect to customer care. All customer care numbers are of no use. Not expected from reputed company.
Order #  405-7497558-4556323
m-9716849509",@370614 A call back will be arranged if you provide your number here: https://t.co/vlvfJr4nN9 ^MJ,0.6504873272475444,Medium,1,AI-assisted label: retrieved response judged relevant/correct.
"@AmazonHelp Order #406-5192140-6921118 arriving late need to escalate this on urgent basis SOS.
#Highpriority #Prime https://t.co/K4w4fmhZUW","@137095 Please don't provide your order number, we consider it to be personal info. Our Twitter page is visible to the public. ^MP",0.6297543487309645,Medium,1,AI-assisted label: retrieved response judged relevant/correct.
"@AmazonHelp hi, I ordered something I needed by Monday and the wrong item has been delivered today please help","@147145 Sure, we'll help you with that, Sudeep. Please connect with our support team here: https://t.co/vlvfJr4nN9 and we'll assist you regarding this. ^NR",0.6377251168924466,Medium,1,AI-assisted label: retrieved response judged relevant/correct.
lol ok @117093 way to lose $800 worth of groceries in transit. great job!!!!!!!!,@275955 I'm sorry to hear this! We want you to have a great experience with us! Is there anything we can assist with today? ^FR,0.624282988478168,Medium,1,AI-assisted label: retrieved response judged relevant/correct.
@775650 @115821 Maybe half of the packages Amazon delivers themselves make it to my mailbox or door. The rest I have to search for.,"@684227 I am very sorry, that is not the experience we want our customers to have. Which carrier was assigned the delivery in question? You can find that information under order details here:  https://t.co/Y5jpI9gRhE ^CH",0.5725476733363889,Medium,1,AI-assisted label: retrieved response judged relevant/correct.
"@AmazonHelp im getting the following error ""We're sorry! An error occurred when we tried to process your request..."" why is this happening?","@294097 I'm sorry for the trouble in adding the Gift card, did you have a word with our support team here: https://t.co/vlvfJr4nN9? ^MJ",0.6704796770659065,Medium,1,AI-assisted label: retrieved response judged relevant/correct.
@AmazonHelp I have and no one has resolved it. @AmazonHelp are blaming @39759  and they’re saying Amazon never booked for delivery today.,"@437231 I apologize for the poor experience, Mark! What information/options were you provided when you contacted us? ^CS",0.5870825832043696,Medium,1,AI-assisted label: retrieved response judged relevant/correct.
"Liebes @116316 , es hatte einen Grund, warum ich keine Lieferung mehr durch Hermes bekommen wollte.....jetzt wieder einer mehr!",@387116 Hi! Das sollte natürlich nicht so sein. Du kannst die Lieferung jederzeit hier reklamieren: https://t.co/ohyvGrpvrY Liebe Grüße ^TA,0.5935735399628969,Medium,1,AI-assisted label: retrieved response judged relevant/correct.
Amazonプライムビデオ有能すぎる https://t.co/RfkEO0lhoc,@491996 ご利用いただきありがとうございます！😉 ぜひお楽しみください♪ EK,0.6765454411506653,Medium,1,AI-assisted label: retrieved response judged relevant/correct.
@AmazonHelp Ich hab ja mit dem geredet..,@375446 Evtl. über Drittanbieter bestellt? Oder aber es kommt aus einem weit entfernten Versandzentrum: https://t.co/KTbR8xEoir ^AS,0.6333501361302044,Medium,1,AI-assisted label: retrieved response judged relevant/correct.
@AmazonHelp @AmazonHelp it was 3rd party but I just thought to wait 2 days because it was 3rd party,@624439 Thanks for confirming Mike- Have you reached out to the Seller directly for further info on this order? ^NV,0.6343682473308299,Medium,1,AI-assisted label: retrieved response judged relevant/correct.
"@AmazonHelp Nope. Just told the item I pre-ordered wasn't available, looked online, it had sold out(!!!!) &amp; no new delivery date. 😬",@158362 Were you given a new delivery date in an email? ^KM,0.6488397279664235,Medium,1,AI-assisted label: retrieved response judged relevant/correct.
"@AmazonHelp Yes,  about twice I’ve missed a delivery date which changed at order confirmation however 90+% of the time it’s missed targeted deliveries.",@116917 We would like to make sure this is looked at for you! Do you see a trend in carriers when your packages are late? ^AR,0.6595490510189342,Medium,1,AI-assisted label: retrieved response judged relevant/correct.
@115850 don't know how many follow ups  would be enough to get my product delivered to me. Very pathetic delivery service #bad #experience,"@429382 We have your details, we are working on it, we'll contact you at the earliest. Appreciate you patience. ^AH",0.6025613540216088,Medium,1,AI-assisted label: retrieved response judged relevant/correct.
@AmazonHelp I am still waiting for help. How come my balance deducted and it's not there in Amazon Pay Balance Account Statement? It's simple cheat from Amazon India.,"@144621 Hey Saleem, may I help you? ^SF",0.6262618317359391,Medium,1,AI-assisted label: retrieved response judged relevant/correct.
"@115821#
order #402-0045052-5064374 # if u r not able to deliver my product than why r u taking order.each &amp;everytime you are doing same.","@484857 I understand your concern, please contact us here: https://t.co/rS49hgaADF so that we can assist you accordingly. 1/2 ^SY",0.6003430572976929,Medium,1,AI-assisted label: retrieved response judged relevant/correct.
@115850 facing issues with my payment,"@458712 I'm sorry for the poor experience. Without including any account details, can you tell us more about the issue? ^ZW",0.66777902883033,Medium,1,AI-assisted label: retrieved response judged relevant/correct.
"@AmazonHelp Not sure if it's damaged inside, I had to leave before I could check. I suspect not, just quite disappointed with the quality of the box",@816582 Happy to hear nothing was damaged. What does the tracking say who the carrier is here: https://t.co/aaDyEz1VgE ^MH,0.56870036270339,Medium,1,AI-assisted label: retrieved response judged relevant/correct.
Unless you have some sort of teleporter @115830 I really really doubt it's arriving today https://t.co/8GXJfgexz5,"@467632 Hey Jordan, who is the carrier in question? What does the latest tracking advise? ^TP",0.5744739864131938,Medium,1,AI-assisted label: retrieved response judged relevant/correct.
"@AmazonHelp ""pending"". Same as it is now.",@132141 We can apprehend to the connected excitement. We will burst the bubble soon and  personally notify the winners. Wishing you all the luck. ^CB,0.6191939916615746,Medium,1,AI-assisted label: retrieved response judged relevant/correct.
@AmazonHelp no resolution for phone I ordered pending since 22 Sept.Nothin on false update again done by delivery person yesterday @115850,@441475 We're working on your issue and we'll reach out to you once we receive an update from our team. Appreciate your patience. ^SQ,0.5666056908420227,Medium,1,AI-assisted label: retrieved response judged relevant/correct.
"Amazonで夕べポチッとしたやつの、お支払い番号メールがまだ来ない…普通すぐ来るのにな。
（コンビニ払い）
何が起こった！？w",@180174 Amazonです。番号は出荷準備がされ次第の発行となりますので、心待ちにされているところ恐れ入りますがお届け予定日を目安におまちくださいませ。なお、発行済みの場合は注文履歴、アカウントサービス内のメッセージセンターからもご確認ができます。SK,0.6110818386077881,Medium,1,AI-assisted label: retrieved response judged relevant/correct.
@115821 just delivered a box.....at 11:20 pm.,@798642 Very sorry to hear about this Rachel. Who was the carrier of your order? You can find the carrier information here:  https://t.co/Y5jpI9gRhE. ^MI,0.6084103590893457,Medium,1,AI-assisted label: retrieved response judged relevant/correct.
@AmazonHelp Todo solucionado acaba de llegar pero no podía contactar con la empresa.Muchas gracias por atenderme,@133248 Genial. Nos alegramos de que se haya podido resolver el inconveniente. Que disfrutes mucho tu pedido. ^ES,0.5908610330193154,Medium,1,AI-assisted label: retrieved response judged relevant/correct.
"@AmazonHelp 
When will i get refund on these following order which waa damaged by your delihvery agent.
Order no.5180752894656",@446939 Sorry for the delay. Please contact us here : https://t.co/vlvfJr4nN9 so that we can assist you accordingly. (1/2)^RI,0.5814205396615703,Medium,1,AI-assisted label: retrieved response judged relevant/correct.
"@AmazonHelp @18220 Good Amazon keep on fooling your customers by giving fake promises , waiting for my product from 18-10-2017",@158357 We apologize for the inconvenience. Please contact us from the link given earlier and we'll be sure to help you. ^ZH,0.5826370550045454,Medium,1,AI-assisted label: retrieved response judged relevant/correct.
Literally received a package from @115821 that was empty. I have no idea how to react to this. Wtf,@683087 I'm sorry you didn't receive your order. Here are some tips to help you locate your order: https://t.co/VRvwtsoKqd Please keep us posted. ^CO,0.6139642521166028,Medium,1,AI-assisted label: retrieved response judged relevant/correct.
Received an @115821 order like this from @118706. I didn’t order an open box item. 😑👎🏻 https://t.co/sVwK4wwZis,@290187 Sorry something is missing from your order! Please reach us so we can look into order options: https://t.co/hApLpMlfHN ^DD,0.5795124848062612,Medium,1,AI-assisted label: retrieved response judged relevant/correct.
@509121 @115821 I have no idea. We’ve bought a couple things lately that say ships and sold by amazon eligible for prime and it comes in like a week.,@666641 We're unable to access account information via Twitter. We'd like to help if we can. Please contact us directly by phone or chat here: https://t.co/hApLpMlfHN ^JF,0.5907670180284772,Medium,1,AI-assisted label: retrieved response judged relevant/correct.
@AmazonHelp it is the matter of the courier guy he himself updated that package was not ready,@352951 You're welcome. Do keep us posted for any further concerns. ^SG,0.5904082668731486,Medium,1,AI-assisted label: retrieved response judged relevant/correct.
"ゼミで必要な本届かないんだけど、Amazonでは配達完了になってるんだけど
あれー？？？",@304319 ご心配をおかけしております。配送業者にご確認いただいても解決されない場合はAmazonが発送する場合:https://t.co/J6YEizo6qC 、出品者が発送する場合:https://t.co/ZXCXcbN3Tv をご参照の上お問い合わせください。SK,0.6039144396781921,Medium,1,AI-assisted label: retrieved response judged relevant/correct.
@AmazonHelp Already had one unsuccessful chat with customer care exec. No luck.,"@580458 We'd like to get this checked, kindly share your details here: https://t.co/GIJyeYqKE0, and we'll reach out to you soon. ^MA",0.5679397302438338,Medium,1,AI-assisted label: retrieved response judged relevant/correct.
Not happy with how my delivery was left yest Eve @AmazonHelp why didn't they knock the door or put into porch? Slugs all over it &amp; soaked https://t.co/qvn9jGPs9q,"@230470 Apologies for the trouble caused, Claire. Were you at home during the time of delivery? You can find info on adding delivery preferences here: https://t.co/s64yrJpwOt.^CN",0.5541472967937164,Medium,1,AI-assisted label: retrieved response judged relevant/correct.
"@AmazonHelp Sorry to say I've been let down again. Spent all of my only day off waiting for this. Should have been delivered Thursday. 
Not good enough",@816230 Do you have designated safe place for dleiveries when you aren't in? Let's check here: https://t.co/0trjeOMIMP ^JZ,0.5574155520347356,Medium,1,AI-assisted label: retrieved response judged relevant/correct.
"@AmazonHelp Yes, but they haven’t replied back","@219487 If you've contacted our support team over email, you'll soon receive a correspondence to your registered account. ^MA",0.613811089627247,Medium,1,AI-assisted label: retrieved response judged relevant/correct.
"@AmazonHelp When you get the sample of a book to decide if you want to buy it. They are available on all my devices (OS X, Kindle Fire, iOS and Android), they're great and help me plan for the books I want to read in the future. But sometimes I would like to hide them and only see full books",@214947 The title is now available for purchase. Please keep us posted for any further queries. ^GS,0.4680401547592431,Low,1,AI-assisted label: retrieved response judged relevant/correct.
@120602 @115850 Kindly conform in the tweet whether JioFi 4 is real or fake? I just require answer in - real / fake?,"@269710 Thanks for reaching out to us, Anna! We'd like to help! You can find some helpful tips about e-mails from us here: https://t.co/BxSUs4CSDM ^HM",0.4787580034570991,Low,1,AI-assisted label: retrieved response judged relevant/correct.
@AmazonHelp @115821 @AmazonHelp this happened 3 times please look this otherwise it’s useless to become prime members,@403859 You may be signed up on https://t.co/nUUp5MLhYl - https://t.co/nlCTQRMDAV ^KM,0.48954782783356315,Low,1,AI-assisted label: retrieved response judged relevant/correct.
@AmazonHelp Si me sigues para mandarte un DM o si se me puede llamar o contactar no quisiera poner mes datos personales por seguridad aquí,"@357887 Bonjour,
Nous venons de répondre à votre DM.
^SA",0.534740118624148,Low,1,AI-assisted label: retrieved response judged relevant/correct.
"@AmazonHelp Just checked, benefits were not used in both October and November, but you are only refunding for Nov. What about refunding the October membership fee?","@147110 If the benefits of the membership have not been used, you can cancel your membership and get a refund here: https://t.co/a4Yc9lKczA. ^PJ",0.5395394241506061,Low,1,AI-assisted label: retrieved response judged relevant/correct.
"@AmazonHelp Installment amount should be Rs. 3,167 according to the offer. https://t.co/2pprdRfYNU",@325020 The prices you currently see is the best we can offer. ^AS,0.41030986497947664,Low,1,AI-assisted label: retrieved response judged relevant/correct.
@115851 @AmazonHelp @58920 Whom should I personally meet in this regard??,"@162488 Sorry for the hassle, please revert to the email and our Account specialist team will sort this out for you. ^MS",0.47010240853785784,Low,1,AI-assisted label: retrieved response judged relevant/correct.
Ordered 4 spark plugs direct from Amazon (not a 3rd-party shop) and they've been dispatched separately. Big fan of @115830 but this seems odd #facepalm https://t.co/XSBhlOANSX,@404623 (1/2)ご迷惑をおかけしております。商品が破損している場合、当サイトにて交換、返品にてご対応いたします。よろしければ、こちらのヘルプページをご参照のうえお手続きください。https://t.co/l45aztW3I1 SM,0.4830910861492157,Low,1,AI-assisted label: retrieved response judged relevant/correct.
@AmazonHelp No email received. Why are u guys delaying so much.,"@662031 Sorry for any troubles, Steve! Have you checked your spam/junk folders and also here: https://t.co/hdKie9me5K? ^AB",0.5445864582688703,Low,1,AI-assisted label: retrieved response judged relevant/correct.
"@AmazonHelp @115850 @115830 wow wat professionalism at amazon, hav been following up to resolve concern past 6 days, n guess amazon is still solving the mystery internally hw to delay it further. Shame on Amazon who insist dey r cust centric rogues of first order disgusting dey r",@197812 I apologize that you haven't received a correspondence yet. Kindly share your Amazon account related details here: https://t.co/beaaDm0muc so that we can recheck our records and get back to you at the earliest. ^JS,0.5489375069581744,Low,1,AI-assisted label: retrieved response judged relevant/correct.
@115821 Can you price match? Canon PIXMA MX492 Wireless Office Color Printer https://t.co/HVIKVhrxRf,"@268701 Hey, no we don't price match. ^RS",0.4642460697074834,Low,1,AI-assisted label: retrieved response judged relevant/correct.
@AmazonHelp is it a bad thing that I actually am no longer surprised when I have shipping problems with you? *sigh*,@798660 I'm sorry if you received the wrong item. Have you had the chance to reach out to us directly for available options: https://t.co/vSwGflDxIw? ^CL,0.49980950472705826,Low,1,AI-assisted label: retrieved response judged relevant/correct.
"@AmazonHelp In my cart. I add to it through the week, but sometimes things fall off. There should be a notification system when they drop off.",@293194 We're always looking for ways to improve our service. Please e-mail us your suggestion here: https://t.co/EKXRLsnxJu ^JN,0.5025684182687218,Low,1,AI-assisted label: retrieved response judged relevant/correct.
When @AmazonHelp try to take the money twice because they couldn’t be bothered dispatching your order 🙈,"@507269 Oh no! I'm sorry about that! Without providing any personal account information, could you tell us what the charges were for (i.e. AMZL, Marketplace, Authorization). ^GP",0.5261667402570411,Low,1,AI-assisted label: retrieved response judged relevant/correct.
@117795 terrible service!! So disappointing Order was never delivered.Driver was rude.Finally got some assistance from nice CSR,@172360 We understand there has been a delay in delivering your order. Let me check this out for you. (1/2) ^VM,0.5264736291921561,Low,1,AI-assisted label: retrieved response judged relevant/correct.
@AmazonHelp 2 years. I have proof of enrollment,@311195 We'd like to help you. Please contact our support team here: https://t.co/hITbmQzz2y. ^BS,0.4079468250274658,Low,1,AI-assisted label: retrieved response judged relevant/correct.
@AmazonHelp i need to fax some info fro my account to be unlocked but i can't due to me not having a fax and can't find the req'ed stuff,@196510 I'm sorry to hear you still don't have access to your account! When was the last time you faxed your information? ^BH,0.5339412645392628,Low,1,AI-assisted label: retrieved response judged relevant/correct.
"You pay extra for gift wrapping with @115821 and this is what turns up 🤔. As well as looking abysmal, how exactly is the partially sighted recipient of this present expected to read their “personalised message” when it’s so small? #ripoff #waste #Amazon https://t.co/bu2fiSFIH3","@450458 I'm sorry your parcel didn't arrive with the packaging you expected! To reduce materials used, https://t.co/ykTUEmdsQA works with manufacturers to box products in Certified Frustration-Free Packaging. Details here: https://t.co/qdJop3a7o5 ^BV",0.4879624984855507,Low,1,AI-assisted label: retrieved response judged relevant/correct.
@AmazonHelp I Registered A Compliant On 6th Oct On @AmazonHelp But Still Not Any Solution. Worst Customer Service Don't Waste Ur Money,"@478637 Please don't provide your order details, we consider it to be personal information. Our page is visible to the public. 2/2^SC",0.5341900388073507,Low,1,AI-assisted label: retrieved response judged relevant/correct.
@AmazonHelp @115850 why can't u fix this app problem? Works 10% of time if lucky. Spoke 2 CS helpcntre. Did as they said. Back to square 1 https://t.co/vQRwrVzpFc,@484991 That's odd. We haven't seen any other reports as such. Kindly try uninstalling and re-installing the app. ^MS,0.46794067837557135,Low,1,AI-assisted label: retrieved response judged relevant/correct.
@AmazonHelp Excellent 😊 I have tweeted them but as of yet no reply. So it’s down to them now is it?,@450380 Please reply to the email received from our team. We will connect with you accordingly. ^RW,0.5340799755899466,Low,1,AI-assisted label: retrieved response judged relevant/correct.
These days one needs to add +2 days for all orders from @115850. Pretty much 90% of the time they are delayed. This is being a prime member &amp; in Bangalore!!!,@426854 Have you reported this to our support team here: https://t.co/2t6DQoUmNZ ? (2/2)^HR,0.513688109163787,Low,1,AI-assisted label: retrieved response judged relevant/correct.
"@AmazonHelp You got all the details I have, not sure why I need to repeat them elsewhere.","@263817 I'm sorry but as we're on Twitter, we don't have access to your account and won't be able to check it. Request you to please send us your details using the link here:https://t.co/BgXDKGBv4M. ^AM",0.520346230429729,Low,1,AI-assisted label: retrieved response judged relevant/correct.
@AmazonHelp Posso te considerar meu amigo?,"@187550 Friends are the siblings God never gave us.-Mencius
Thanks for the kind words, we loved them ^CB",0.47335419058799744,Low,1,AI-assisted label: retrieved response judged relevant/correct.
@AmazonHelp No I don't understand why you can't share. It simply means you won't do anything. Don't test my patience.  I'm already frustrated coz of u,"@315596 If you've shared your details via link mentioned earlier, we'll get in touch with you soon. Appreciate your patience. ^AK",0.467359257966833,Low,1,AI-assisted label: retrieved response judged relevant/correct.
@AmazonHelp @115850 @115851 @AmazonHelp called SD and they confirmed that it's a defective piece. Even they were supposed to send an email for this but didn't get any.,@132146 Sorry to hear it Brian. Has a replacement or refund been issued? What did the email advise? ^NV,0.4638484327783957,Low,1,AI-assisted label: retrieved response judged relevant/correct.
"@AmazonHelp This is the problem right here. I explain the issue &amp; instead of fixing it, I just get sent the same patronising explanations. https://t.co/MncyD5MnMv","@375098 I'm sorry to hear this, Catrin! We want to help! Please try these helpful troubleshooting tips: https://t.co/DFCHzAYsIY ^HM",0.5000769076338608,Low,1,AI-assisted label: retrieved response judged relevant/correct.
@AmazonHelp Ya  estoy jugando y pinta muy bien.,"@682320 Shora ¡Claro que lo merece! Pues el Atleti es ROCK´N  ROLL, ¿Cuéntame que tal te ha parecido el mando que has adquirido? ^AD",0.513799354625672,Low,1,AI-assisted label: retrieved response judged relevant/correct.
"@AmazonHelp why ur IVRS is faulty so no customr can reach u on phone, Anyway call me urgently my order No. is 407-6618920-5913911. I already lodged my complaint on your link sent by you,","@787146 We've responded to your query here: https://t.co/6atGE6v0KY Kindly check.
Please don't provide your contact details, we consider it to be personal information. Our page is visible to the public. ^SY",0.5337431325512688,Low,1,AI-assisted label: retrieved response judged relevant/correct.
You could have fit an entire case of dog treats in the box you used to ship 1. #notimpressed #wasteful #ecoUNfriendly @115821 https://t.co/kT0p7STVLr,"@197801 Oh wow! So sorry about that, Zach! You are more than welcome to submit feedback on the packaging here:https://t.co/0vR7bLEENi ^SA",0.530209240932835,Low,1,AI-assisted label: retrieved response judged relevant/correct.
@115821 what the hells wrong with the UFC app on the fire stick!? I ordered the fight and it says my order was submitted and it's not loadin,@768998 I'm sorry for the trouble with the app. Please try these troubleshooting steps and let us know if the issue continues: https://t.co/JBPwuXCf4S ^CL,0.5041364710611338,Low,1,AI-assisted label: retrieved response judged relevant/correct.
@AmazonHelp It’s hard to fathom why delivering a broom could be so difficult!,"@378831 Oh no, Brendan! Please provide our Developers with feedback via the Alexa App: https://t.co/w2nNg4XNhs ^EA",0.4976302217734535,Low,1,AI-assisted label: retrieved response judged relevant/correct.
"@115850 for orders lately, prime doesn't deliver giving false reasons. Why lie, deliver next day if u busy. Complained but NO ACTION :( https://t.co/zU0jm1gebg",@801375 So sorry to hear about the late orders! Are there any current orders we'd be able to help you with? ^GS,0.5273007635679372,Low,1,AI-assisted label: retrieved response judged relevant/correct.
@115850 No courtesy unhelpful agents have recorded a call of your rep will be posting it on youtube watch this space 4 more,"@460458 I’m sorry about the delay in delivery. I’d like to assist you, please fill this form: https://t.co/beaaDm0muc and I’ll contact you at the earliest ^RW",0.4295955316409807,Low,1,AI-assisted label: retrieved response judged relevant/correct.
@AmazonHelp i really dont want to cancel the item that i bought. I can send you the email via DM.,"@348402 Hi Michael, we would ask that you do not share any sensitive information over Twitter. Without revealing any personal information, can I ask you to tell me a bit more about the issue you are experiencing? ^TI",0.5413114249892302,Low,1,AI-assisted label: retrieved response judged relevant/correct.
"why you promote yourself @115850, sale is going in your market place is highly deceptive from you part. a promise never fulfilled!",@182774 I'll ensure to share your comments internally to work on. ^CB,0.5429455052541253,Low,1,AI-assisted label: retrieved response judged relevant/correct.
@115851  u r just a cheater and ur @115850 too..what ois the use of the technician when u don't value it...Mr @115851  WHY DON'T U RPLy......just see and smile,@689914 Sorry for any inconvenience you've faced. Please let us know if any of your concerns went unaddressed. ^PJ,0.5346414209965783,Low,1,AI-assisted label: retrieved response judged relevant/correct.
I need to ask a stupid question about the @115821 Fire HD Tablets and I'm really not interested in being judged. Where are my benevolent techie people &amp; Blerds?,"@479418 お買い上げいただきありがとうございます！
どうか末永くご利用いただけますよう・・・( ˘ω˘ )　MH",0.429165141583846,Low,1,AI-assisted label: retrieved response judged relevant/correct.
"@AmazonHelp @115851 Find my reverts here as well..
@115821 @115851 @5339 

I can understand the Logistic Issue.... but what resolutions received from Customer Supports are pathetic..

So possessive for Rs.298, People Beware.. If you ordering big purchases on @115850 

@120781 https://t.co/AZThAXfGxx","@120700 I get you being upset. However, request you to file a charge dispute by contacting bank. Appreciate your understanding. ^BS",0.4870864107733904,Low,1,AI-assisted label: retrieved response judged relevant/correct.
Hey @115850 &amp; @118702 which one of you will give GENUINE offers on microSD cards? Been waiting for a while now thanks.,"@201987 Baiju, prices are solely to the seller's discretion, the price you see is the best we can offer at the moment. ^MS",0.4583163857460022,Low,1,AI-assisted label: retrieved response judged relevant/correct.
"@AmazonHelp chromeでhttps://t.co/OhlTyX8SuIを見ようとすると、下記URL画像の読み込み中に7秒程度固まってしまいます。対策頂けると幸いです。
https://t.co/YRzu9JZqtw","@764461 I understand your concern regarding the MRP difference. For additional details, please refer here: https://t.co/056dJcC1Ld ^SG",0.48638471961021423,Low,1,AI-assisted label: retrieved response judged relevant/correct.
@117086 aguardando uma FEIRA DO EBOOK já que investi num KINDLE pela falta de espaço !,"@420879 Olá Thiago, sinto muito pelo inconveniente. Qual é o erro que está apresentando? ^MB",0.5097320050477007,Low,1,AI-assisted label: retrieved response judged relevant/correct.
@AmazonHelp And which on of these do you think has applied to a sweeping brush being delivered to an apartment block with a 24/7 concierge?,"@383094 Hi James, is this what you're looking for: https://t.co/5EpgzZ5UN7 ^TS",0.42228064674412896,Low,1,AI-assisted label: retrieved response judged relevant/correct.
@19546 @115850 @AmazonHelp @115821 @118702 There is no Dewali offer??? It's is in proper,@388029 Our intention is never to let you down. I'll ensure to share your comments to work on. ^CB,0.4867684654638892,Low,1,AI-assisted label: retrieved response judged relevant/correct.
@AmazonHelp I️ don’t think you read this at all! This is an URN for my Grandmothers ashes! I️ want and NEED my package TOMORROW! I️ will pick it up if I️ have to. You all need to make this happen! I️ cannot wait until Wednesday!!!,"@253118 Thank you for letting us know. If your order hasn't arrived by Wednesday, or for direct assistance, please contact us here: https://t.co/hApLpMlfHN ^SB",0.5364248730975272,Low,1,AI-assisted label: retrieved response judged relevant/correct.
@AmazonHelp Why is it so hard to make an exception? Its not like its affecting you monetarily? You will not understand the circumstances that are causing me to ask for the old phone back.,"@220247 I get your concern about returning a phone. However, as informed we'll be unable to accept a remorse return for the mobile phone. Appreciate your understanding. ^KH",0.45374968141568106,Low,1,AI-assisted label: retrieved response judged relevant/correct.
"@AmazonHelp @119038 Hi, I have a Spanish Amazon Prime account. After linking it with my Twitch one, will I get charged anything? Cheers.",@350248 I'm sorry. We can't view account details via Twitter. Please let us look intoo this here: https://t.co/JzP7hlA23B ^DO,0.5244919237063248,Low,1,AI-assisted label: retrieved response judged relevant/correct.
"Dear @115821 having just ordered a pair of walking boots, how likely is it,that what I really want to buy, is another pair of walking boots?",@636107 Oh no! I'm sorry for the mix up! Will you tell us if this order is shipped and sold by Amazon or a third party seller? ^DW,0.49794317350358913,Low,1,AI-assisted label: retrieved response judged relevant/correct.
"@115821 what is going on? I've emailed the community help for 3 solid weeks about an issue with no answer! Not even a ""we got the email"". Nothing! #whatcustomerservice #frustrated","@186206 I'm sorry for the frustration! Without sharing account information, please tell us more about what's going on. ^SB",0.4998022859903283,Low,1,AI-assisted label: retrieved response judged relevant/correct.
@AmazonHelp How many more long time I will wait for solution...?? I am not able to call contact with Amazon care,"@158236 Apologies for the ordeal, we're working on this and we'll get back to you at the earliest. Appreciate your patience. 1/2 ^PS",0.5470863091999155,Low,1,AI-assisted label: retrieved response judged relevant/correct.
@AmazonHelp Shocking service! whats the point of having prime if its not delivered when promised! by 22:00 did not arrive!,@426976 Did we miss the delivery date in the confirmation e-mail? You can check for the date here: https://t.co/Rt9QpSFl6d ^BH,0.622968882671217,Medium,1,AI-assisted label: retrieved response judged relevant/correct.
@115850 How come the prce of Sandisk microsd crd wth adaptor priced in ur 'Lightning Deal' as 649 bcomes 739 at chkout wth normal delivery,@750621 feedback &amp; ensure to pass it on internally. ^RW 2/2,0.42953844662105006,Low,1,AI-assisted label: retrieved response judged relevant/correct.
"@AmazonHelp thanks, I have now ordered from @4167",@721331 You are welcome. ^MJ,0.6916645031857367,Medium,1,AI-assisted label: retrieved response judged relevant/correct.
Bonjour @AmazonHelp @120533 ce produit sera disponible quand svp ? https://t.co/zRC4AJxvUB,"@632908 Bonjour, malheureusement nous n'avons pas encore d'informations concernant cet article. ^KD",0.6187719641081991,Medium,1,AI-assisted label: retrieved response judged relevant/correct.
@AmazonHelp Yes. Multiple times.,@634939 Please give us a call here: https://t.co/JzP7hlA23B so we can look at this with you in real-time! ^TR,0.9382440924644471,High,1,AI-assisted label: retrieved response judged relevant/correct.
@AmazonHelp your driver TBA504880859000. Please refund my money or give me my item.,@389288 We'd like to work on a resolution for this directly with you. Please reach out to us here: https://t.co/lRblBfLy2u ^TH,0.5628069620146854,Medium,1,AI-assisted label: retrieved response judged relevant/correct.
@AmazonHelp But there are options like login and mail but after login how will I do something u had blocked my privileges,@308340 You can select 'skip sign in' option after you click on the link shared earlier by 'SY' and provide your details. ^SF,0.5208696899838776,Low,1,AI-assisted label: retrieved response judged relevant/correct.
.@115821 is really trying to ruin my day,"@515839 I'm sorry for the delay! Just to clarify, have you received an e-mail with a new expected delivery date? ^AL",0.6094221744400522,Medium,1,AI-assisted label: retrieved response judged relevant/correct.
@AmazonHelp I paid extra for next day delivery only to be told a 8pm that my delivery would not be coming?? Do you think this is acceptable? https://t.co/SBJWXdDdu3,"@151168 I'm so sorry to hear that, Luke. Please give us a chance to take a look and see what options are available by reaching out to us here: https://t.co/JzP7hlA23B ^BG",0.6208058121610549,Medium,1,AI-assisted label: retrieved response judged relevant/correct.
"So, @116090 uses intelcom. One-day shipment is four days late. Replacement one-day shipment is now two days late. And I still have to deal with the return. :(","@758700 I'm sorry for the delivery troubles, Maggie! Have you been provided an updated delivery date via e-mail or on the tracking: https://t.co/PyACxvY8Qo? ^AB",0.534667755020386,Low,1,AI-assisted label: retrieved response judged relevant/correct.
I just tried out @115821 restaurants and it is hands down way better than @115877. I am deleting uber eats from my phone as of this writing! Another W for amazon!,"@116917 Sorry about that. The link ^SH posted is to contact us, at https://t.co/nUUp5MLhYl to look into available options for the late orders. ^EP",0.42893999668317156,Low,1,AI-assisted label: retrieved response judged relevant/correct.
So I placed an order today and it here 8 hours later. Thank you @115821 😁❤🙂,"@500372 I'm sorry for the wait! If we've missed your delivery date, please reach out to us to review options: https://t.co/JzP7hlA23B ^WT",0.6316473544422376,Medium,1,AI-assisted label: retrieved response judged relevant/correct.
@116313 アマゾンにお気に入り登録した商品、在庫切れが多いような？、仕方ないから他のショップで探して購入してるけど、在庫切れ入荷するのかしないのか表示対応してほしいな～。,@820804 お支払い番号は、出荷準備に入り次第Eメールでお知らせします。予約商品の場合、商品によって発売日当日、またはそれ以降に入荷されてから出荷準備が開始される場合があります。発売日を目安にお待ちください。https://t.co/Zli52b6NFD　SM,0.5779061317443848,Medium,1,AI-assisted label: retrieved response judged relevant/correct.
@120474  where is my Gary Barlow presale ticket email??,@493495 Hi Michael. Expect an email before 6pm today. Check out here for more info - https://t.co/btwruk93dv ^TP,0.6291911116516443,Medium,1,AI-assisted label: retrieved response judged relevant/correct.
@AmazonHelp Still no revert ????,"@352553 You should have received an email correspondence, you can check your inbox here: https://t.co/DTSNmGldJf kindly reply to it for further assistance. ^SM",0.9374805569648743,High,1,AI-assisted label: retrieved response judged relevant/correct.
"@AmazonHelp thanks for the fast reply. I appreciate it. yeah I got an email saying no eta yet, thats why I'm asking. I know you guys are fast anyways, its the first time the release happened but the item is not available, at least in germany",@285441 Oh ok. Then please use this Link: https://t.co/dDmBEPionb ^MS,0.49402098404000017,Low,1,AI-assisted label: retrieved response judged relevant/correct.
@115850 Four replacements and still the same defect. Quality Check department failed after requests everytime. Pathetic. Cover costs 1399. https://t.co/noa59BDFI5,"@158484 Sorry for the trouble, Jeet. Kindly fill in your details here: https://t.co/nrxVrkdWfQ and we will get back to you. ^KS 1/2",0.4660778748253326,Low,1,AI-assisted label: retrieved response judged relevant/correct.
"@AmazonHelp Ordered 14-Oct, AmazonCC asked me to wait till 17-Oct then 24-Oct and now 26-Oct to work on escalation for not receiving product https://t.co/nfPd3U003j","@148394 Iḿ so sorry for the delay, typically packages that missed delivery date arrive in 1-2 days. ^LH",0.5616214683787782,Medium,1,AI-assisted label: retrieved response judged relevant/correct.
"@AmazonHelp Hola amazon, aún no tengo información de un envió que me tuvo que haber llegado hoy, sería genial si me ayudarán","@144102 ¡Hola, Hugo! Lamento el atraso del pedido, ¿el producto es vendido y enviado por Amazon o por un vendedor externo que utiliza nuestra plataforma? ^LC",0.6279339815376493,Medium,1,AI-assisted label: retrieved response judged relevant/correct.
@AmazonHelp I left the delivery feedback.,@311021 Apologies for the inconvenience with our logistics team. Please reach us from the link provided. We'll check &amp; assist you. ^SV,0.7317544573246091,High,1,AI-assisted label: retrieved response judged relevant/correct.
@115850 do you really provide free spins during Saturdays???🤔🤔🤔🤔,@497413 We ❤️ you too! Thank you for being a customer and taking the time to let us know how we're doing. 😊 ^HC,0.44676077365875244,Low,1,AI-assisted label: retrieved response judged relevant/correct.
@123813 Tiene opción pra descargar contenido?,"@200713 As of now, download option is available only in prime video app in mobile.^VH",0.4974417984485626,Low,1,AI-assisted label: retrieved response judged relevant/correct.
@115821 strike again by separating my 1 time delivery over a span of a week. Do you know people work 9 to 5 right?,@139221 We appreciate your patience while we investigate this issue for you ^BD,0.5090541839599609,Low,1,AI-assisted label: retrieved response judged relevant/correct.
@AmazonHelp No reason listed. But the Amazon tracking said that it left the carrier facility today.,@634817 Is there any delivery attempt on the tracking? ^PK,0.6056736185224579,Medium,1,AI-assisted label: retrieved response judged relevant/correct.
"@AmazonHelp hi, I preordered Call of Duty but the code I was emailed has been used apparently. I've not redeemed anything so a bit confused https://t.co/OaLnM7bi07",@312123 I'm sorry for the inconvenience! What happends when you attempt to use it? Are you getting an error message? ^MO,0.5311481145289629,Low,1,AI-assisted label: retrieved response judged relevant/correct.
@AmazonHelp Yesterday a 3rd delivery in a row didn't arrive on time. Why do i pay for prime delivery? I would like to complain about the poor service and experience,"@712281 I'm sorry to hear this, Ron! We'd like to help. Who's the carrier listed for your order here: https://t.co/Y5jpI9gRhE ^HC",0.6578250387224822,Medium,1,AI-assisted label: retrieved response judged relevant/correct.
My favorite episode of @719501 won’t play on my @115821 fire stick and I’m genuinely distressed right now. Someone please help,"@198625 I'm so sorry Netflix isn't launching! Try removing the app, restarting your Fire TV Stick, then reinstalling. Let us know!^AM",0.5180115672620614,Low,1,AI-assisted label: retrieved response judged relevant/correct.
@AmazonHelp I already clearly mentioned  held on amazon app contest name :-amazon sale trail,@703817 Sorry to know about the trouble with the order received. We'd like to help. Kindly report this to our support team here: https://t.co/rS49hgaADF ^AK,0.5732537071758512,Medium,1,AI-assisted label: retrieved response judged relevant/correct.
"@AmazonHelp 3rd time in a short space of time you fail to make a delivery. You're truly terrible! How is it acceptable to say allow for an ""additional day or 2"". Time to cancel my prime. 👍",@178201 I'm sorry to hear we've let you down! Have we missed delivery date shown in confirmation e-mail? What was date given? ^FR,0.586581903013778,Medium,1,AI-assisted label: retrieved response judged relevant/correct.
My kindle won’t connect to my schools wifi and it is really making me mad 😂😅,@300849 Have you tried restarting the device?^CD,0.5416296511430008,Low,1,AI-assisted label: retrieved response judged relevant/correct.
"@AmazonHelp Yes except every day the email updates to say it is expected tomorrow. Monday said Tuesday, Tuesday said Wednesday. Tmrw will say Thurs.",@708433 Your best option is to keep an eye on the tracking information.  You can see it here:  https://t.co/Y5jpI9gRhE  And please let us know if it doesn't arrive today.  ^SP,0.5692980227720719,Medium,1,AI-assisted label: retrieved response judged relevant/correct.
"@AmazonHelp bin tiens, tous les tiers qui vendent du coton alors que polyester, pour les bonnets de chimio. j'ai eu 50% sur un (ça ira poubelle)","@371966 Bonjour, avez-vous un souci avec une commande passée auprès d'un vendeur tiers ? ^FA",0.584809801310302,Medium,1,AI-assisted label: retrieved response judged relevant/correct.
1/If I sign up directly with Britbox can I use those credentials with @amazonhelp Prime Video's Britbox content?,"@377483 Hi Kevin! Just to confirm, are you trying to log into the standalone Prime Video site? For videos included with Prime, ... (1/2)",0.5784911390386263,Medium,1,AI-assisted label: retrieved response judged relevant/correct.
@AmazonHelp I’m an Amazon Prime member but I paid $13.98 for one day service and did NOT receive pkg. Now order says will be here 5 Days after I ordered!!!! Credit my acct $13.98 please!!  Ord # 113-3809001-9731469,"@242951 I'm sorry that you haven't received your order yet! Have we provided an updated delivery estimate? Also, which courier is assigned to deliver your parcel? You can check here: https://t.co/aaDyEz1VgE ^TN",0.5760976131011011,Medium,1,AI-assisted label: retrieved response judged relevant/correct.
@AmazonHelp Done it let’s see we’re we go from here then,"@228687 I'm so sorry for the delay in your delivery, Sonu! It's never our intention to cause any frustration, as we strive to get your orders to you in the time frame we promise. However, unforeseen circumstances can cause delays. Please keep us update on your delivery! ^FR",0.5796364164657681,Medium,1,AI-assisted label: retrieved response judged relevant/correct.
"@119625 was planning to watch ""The Prestige"" from long time added it to watchlist, and today finally when I went to watch it, It is not available anymore at my location. Why?? 😢😢😢","@686211 I understand your concern regarding the series Downtown Abbey. However, upon checking I see that the series is still available in prime video. Kindly let us know the error that you're facing so that we can proceed with the troubleshooting. ^BV",0.5063822295071856,Low,1,AI-assisted label: retrieved response judged relevant/correct.
@115850 someone is using the brand name for some marketing activity in vizag..does Amazon has any link with this process?? https://t.co/niv8wa5p72,"@203474 I'm sorry that you have received a different product. Please create a return/replacement here: https://t.co/2t6DQoUmNZ. Please don't provide your order details, as we consider it to be personal information. Our Twitter page is public. ^RW",0.517554471752542,Low,1,AI-assisted label: retrieved response judged relevant/correct.
"@AmazonHelp Thx-i have prime. Want to buy a movie to see online. Thru tv and phone got ""enter 5dig code""","@211908 What device are you currently using? Also, have you tried these troubleshooting steps https://t.co/g8HnF9Pxqf? ^WM",0.44091493659861847,Low,1,AI-assisted label: retrieved response judged relevant/correct.
@115821 why are your drivers so lazy?,"@414586 Without posting personal or account sensitive information, can you tell us more about what's going on?  ^AF",0.6532206904118782,Medium,1,AI-assisted label: retrieved response judged relevant/correct.
"@AmazonHelp 分かりました。カスタマーサービスにメールを遅らせていただいたところ、クリックしただけでは請求等の害は無いそうです。
質問にお答え頂きありがとうございます。","@292287 お手数おかけしますが、よろしくお願いします。
なお、問題が解決しない場合には、メッセージセンターよりご確認ください。TY",0.642484453446597,Medium,1,AI-assisted label: retrieved response judged relevant/correct.
@AmazonHelp Sold by Poundmax,@311360 I recommend contacting the seller for an update. We have steps to contact them listed here: https://t.co/9cJnqW8Xzg ^RA,0.6205182175779931,Medium,1,AI-assisted label: retrieved response judged relevant/correct.
"@AmazonHelp  My order status went from ""shipping today"" to ""preparing for shipment"" again... Why?!?! the item was in stock when I bought it..","@215105 Hey, sorry to hear that, when is your delivery estimate? ^AS",0.5982020518901531,Medium,1,AI-assisted label: retrieved response judged relevant/correct.
